[{"success":true,"trial_type":"fullscreen","trial_index":0,"time_elapsed":1966,"internal_node_id":"0.0-0.0","subject":"6cs1hxf","workerID":"","assignmentID":"","hitID":""},{"rt":435.48000004375353,"stimulus":"Welcome to the study. Press the spacebar to begin.","key_press":32,"trial_type":"html-keyboard-response","trial_index":1,"time_elapsed":2403,"internal_node_id":"0.0-1.0","subject":"6cs1hxf","workerID":"","assignmentID":"","hitID":""},{"rt":2105.5899999919347,"responses":"{\"workerID\":\"f\",\"Age\":\"f\",\"Gender\":\"d\"}","trial_type":"survey-text","trial_index":2,"time_elapsed":4511,"internal_node_id":"0.0-2.0","subject":"6cs1hxf","workerID":"","assignmentID":"","hitID":""},{"rt":952.1149999927729,"stimulus":"<p>In this task, you will make decisions between pairs of gambles over 8 rounds. Each  gamble will be represented as a pie graph. For each gamble, the printed numbers represent a <b>real dollar amount</b> that you can potentially win, while the portion of the pie that is filled in represents the probabiltiy of winning that outcome.</p><p>Press the spacebar to continue.</p>","key_press":32,"trial_type":"html-keyboard-response","trial_index":3,"time_elapsed":5464,"internal_node_id":"0.0-3.0-0.0-0.0","subject":"6cs1hxf","workerID":"","assignmentID":"","hitID":""},{"rt":280.04499996313825,"stimulus":"<p>Four of these eight gambles have a chance of paying out a bonus at the end of the study. You will be told which four gambles are real and have a chance of paying out this bonus, and which are hypothetical.</p><p>One out of every 50 workers will be randomly chosen to be paid this bonus. If you are chosen, one of the real gambles will be chosen at random and played out at the end of the study. Your bonus will be determined based on that gamble's outcome. You will gain the full dollar amount of the chosen gamble's outcome.</p><p>Press the spacebar to continue.</p>","key_press":32,"trial_type":"html-keyboard-response","trial_index":4,"time_elapsed":5744,"internal_node_id":"0.0-3.0-0.0-1.0","subject":"6cs1hxf","workerID":"","assignmentID":"","hitID":""},{"rt":258.78500001272187,"stimulus":"<p>In some rounds, one of the options will be a completely filled-in pie graph with one number displayed in the center of the pie. The outcome of such gambles is the printed amount with 100% probability.</p><p>Press the spacebar to continue.</p>","key_press":32,"trial_type":"html-keyboard-response","trial_index":5,"time_elapsed":6004,"internal_node_id":"0.0-3.0-0.0-2.0","subject":"6cs1hxf","workerID":"","assignmentID":"","hitID":""},{"rt":325.5400000489317,"stimulus":"<p>You will now see an example round. First, a cross will be displayed in the center of the screen. Next, two gambles will be shown on the screen, and you will select which gamble you would prefer to play.</p><p>Use the <b>F</b> key to choose the gamble on the left and the <b>J</b> key to choose the gamble on the right.</p><p>Remember, the potential outcomes of each gamble are printed in text, and the probability of each outcome is represented by the portion of the pie that is filled in.</p><p>Press the spacebar to continue.</p>","key_press":32,"trial_type":"html-keyboard-response","trial_index":6,"time_elapsed":6330,"internal_node_id":"0.0-3.0-0.0-3.0","subject":"6cs1hxf","workerID":"","assignmentID":"","hitID":""},{"rt":355.12999998172745,"stimulus":"<p>In this example, both gambles have a 30% chance for the larger reward and a 70% chance for the smaller reward.</p><p>In this round, you are free to choose either the left (<b>F</b>) or right (<b>J</b>) option.</p><p>Note that in the actual rounds, you will <b>NOT</b> be told the probability of each outcome outcome. You must use the relative sizes of the filled in areas of the pie to make your choice.</p><p>Rest your fingers on the F and J keys, and press the spacebar to begin the example round.</p>","key_press":32,"trial_type":"html-keyboard-response","trial_index":7,"time_elapsed":6685,"internal_node_id":"0.0-3.0-0.0-4.0-0.0","subject":"6cs1hxf","workerID":"","assignmentID":"","hitID":""},{"rt":null,"stimulus":"<div style=\"font-size:60px;\">+</div>","key_press":null,"trial_type":"html-keyboard-response","trial_index":8,"time_elapsed":6991,"internal_node_id":"0.0-3.0-0.0-4.0-1.0","subject":"6cs1hxf","workerID":"","assignmentID":"","hitID":""},{"stimulus":["img/HighA30percent.jpg","img/HighB30percent.jpg"],"rt":952.469999960158,"key_press":70,"choices":["F","J"],"trial_type":"econ-choice","trial_index":9,"time_elapsed":8448,"internal_node_id":"0.0-3.0-0.0-4.0-2.0","subject":"6cs1hxf","workerID":"","assignmentID":"","hitID":""},{"rt":505.5150000262074,"stimulus":"<p>You will now complete a practice round to ensure that you understand how the gambles work. In this round, we want you to choose the gamble that has a chance to win the largest possible outcome on the screen. Be sure to take in the information about each gamble, but try to respond within 5.5 seconds. We will let you know if your response was too fast or too slow.</p>Rest your fingers on the F and J keys, and press the spacebar to begin.</p>","key_press":32,"trial_type":"html-keyboard-response","trial_index":10,"time_elapsed":8954,"internal_node_id":"0.0-3.0-0.0-5.0","subject":"6cs1hxf","workerID":"","assignmentID":"","hitID":""},{"rt":null,"stimulus":"<div style=\"font-size:60px;\">+</div>","key_press":null,"trial_type":"html-keyboard-response","trial_index":11,"time_elapsed":9255,"internal_node_id":"0.0-3.0-0.0-6.0","subject":"6cs1hxf","workerID":"","assignmentID":"","hitID":""},{"stimulus":["img/LowA20percent.jpg","img/LowB20percent.jpg"],"rt":1342.7299999748357,"key_press":70,"choices":["F","J"],"trial_type":"econ-choice","trial_index":12,"time_elapsed":11099,"internal_node_id":"0.0-3.0-0.0-7.0","choice":"safe","subject":"6cs1hxf","workerID":"","assignmentID":"","hitID":""},{"rt":1189.699999988079,"stimulus":"<p>Whoops! Let's try that again. Remember, we want you to choose the choose the gamble that could reward the largest possible outcome on the screen</p><p>When you are ready, rest your fingers on the <b>F</b> and <b>J</b> keys, and press the spacebar to begin the practice round.</p>","key_press":32,"trial_type":"html-keyboard-response","trial_index":13,"time_elapsed":12290,"internal_node_id":"0.0-3.0-0.0-10.0-0.0","subject":"6cs1hxf","workerID":"","assignmentID":"","hitID":""},{"rt":null,"stimulus":"<div style=\"font-size:60px;\">+</div>","key_press":null,"trial_type":"html-keyboard-response","trial_index":14,"time_elapsed":12591,"internal_node_id":"0.0-3.0-0.0-10.0-1.0","subject":"6cs1hxf","workerID":"","assignmentID":"","hitID":""},{"stimulus":["img/HighA20percent.jpg","img/HighB20percent.jpg"],"rt":1882.4599999934435,"key_press":70,"choices":["F","J"],"trial_type":"econ-choice","trial_index":15,"time_elapsed":14977,"internal_node_id":"0.0-3.0-0.0-10.0-2.0","choice":"safe","subject":"6cs1hxf","workerID":"","assignmentID":"","hitID":""},{"rt":1021.8600000371225,"stimulus":"<p>Whoops! Let's try that again. Remember, we want you to choose the choose the gamble that could reward the largest possible outcome on the screen</p><p>When you are ready, rest your fingers on the <b>F</b> and <b>J</b> keys, and press the spacebar to begin the practice round.</p>","key_press":32,"trial_type":"html-keyboard-response","trial_index":16,"time_elapsed":15999,"internal_node_id":"0.0-3.0-0.0-13.0-0.0","subject":"6cs1hxf","workerID":"","assignmentID":"","hitID":""},{"rt":null,"stimulus":"<div style=\"font-size:60px;\">+</div>","key_press":null,"trial_type":"html-keyboard-response","trial_index":17,"time_elapsed":16301,"internal_node_id":"0.0-3.0-0.0-13.0-1.0","subject":"6cs1hxf","workerID":"","assignmentID":"","hitID":""},{"stimulus":["img/LowB30percent.jpg","img/LowA30percent.jpg"],"rt":1208.81499996176,"key_press":74,"choices":["F","J"],"trial_type":"econ-choice","trial_index":18,"time_elapsed":18013,"internal_node_id":"0.0-3.0-0.0-13.0-2.0","choice":"safe","subject":"6cs1hxf","workerID":"","assignmentID":"","hitID":""},{"rt":1501.7250000382774,"stimulus":"<p> You failed the practice three times. Unfortunately, you will not be able to complete the study. Press the spacebar to exit out of the study. </p>","key_press":32,"trial_type":"html-keyboard-response","trial_index":19,"time_elapsed":19515,"internal_node_id":"0.0-3.0-0.0-16.0-0.0","subject":"6cs1hxf","workerID":"","assignmentID":"","hitID":""}]