[{"success":true,"trial_type":"fullscreen","trial_index":0,"time_elapsed":5729,"internal_node_id":"0.0-0.0","lot_flag":"lotFail_choice","subject":"6wfvljd","workerID":"AJRY9ALX8069Y","assignmentIdD":"3SB4CE2TJ38IS5AFOXLGQT7ZG3PXAT","hitID":"3WJGKMRWWPMP0U42R9BTEXY82GADCQ"},{"rt":1297.8400000138208,"stimulus":"Welcome to the study. Press the spacebar to begin.","key_press":32,"trial_type":"html-keyboard-response","trial_index":1,"time_elapsed":7028,"internal_node_id":"0.0-1.0","lot_flag":"lotFail_choice","subject":"6wfvljd","workerID":"AJRY9ALX8069Y","assignmentIdD":"3SB4CE2TJ38IS5AFOXLGQT7ZG3PXAT","hitID":"3WJGKMRWWPMP0U42R9BTEXY82GADCQ"},{"rt":8781.589999969583,"responses":"{\"workerID\":\"AJRY9ALX8069Y\",\"Age\":\"37\",\"Gender\":\"f\"}","trial_type":"survey-text","trial_index":2,"time_elapsed":15813,"internal_node_id":"0.0-2.0","lot_flag":"lotFail_choice","subject":"6wfvljd","workerID":"AJRY9ALX8069Y","assignmentIdD":"3SB4CE2TJ38IS5AFOXLGQT7ZG3PXAT","hitID":"3WJGKMRWWPMP0U42R9BTEXY82GADCQ"},{"rt":224901.8550000037,"stimulus":"<p>In this task, you will make a decision about whether a combination of letters is a word in the English language or not. When the letters appear on the screen, press <b>F</b> if the combination of letters is a word, and <b>J</b> if the it is not a word. </p> \n    <p>For example, if you see the word \"CHILD\", you would respond \"yes\" using the <b>F</b> key, but if you see the letters \"XLICE\" you would respond \"no\" using the <b>J</b> key.</p>\n    <p>In addition, there are two sets of instructions for this task. In one instance, you will be asked to respond as quickly as possible. In another instance, you will be asked to respond as accurately as possible.</p>\n    <p>Press the space bar to continue.</p>","key_press":32,"trial_type":"html-keyboard-response","trial_index":3,"time_elapsed":240717,"internal_node_id":"0.0-3.0-0.0","lot_flag":"lotFail_choice","subject":"6wfvljd","workerID":"AJRY9ALX8069Y","assignmentIdD":"3SB4CE2TJ38IS5AFOXLGQT7ZG3PXAT","hitID":"3WJGKMRWWPMP0U42R9BTEXY82GADCQ"},{"rt":13271.804999967571,"stimulus":"<p>You will now complete a practice round. The following screen will display a string of text that is a <b> nonword </b>. </p>\n    <p>We want you to respond <b>nonword</b>, so press <b>J</b>. Respond as quickly as you can, in fewer than 4 seconds. </p>\n    <p>When you are ready, rest your fingers on the <b>F</b> and <b>J</b> keys, and press the spacebar to begin the practice round.<p>","key_press":32,"trial_type":"html-keyboard-response","trial_index":4,"time_elapsed":253989,"internal_node_id":"0.0-3.0-1.0","lot_flag":"lotFail_choice","subject":"6wfvljd","workerID":"AJRY9ALX8069Y","assignmentIdD":"3SB4CE2TJ38IS5AFOXLGQT7ZG3PXAT","hitID":"3WJGKMRWWPMP0U42R9BTEXY82GADCQ"},{"rt":null,"stimulus":"<div style=\"font-size:60px;\">+</div>","key_press":null,"trial_type":"html-keyboard-response","trial_index":5,"time_elapsed":254291,"internal_node_id":"0.0-3.0-2.0-0.0","lot_flag":"lotFail_choice","subject":"6wfvljd","workerID":"AJRY9ALX8069Y","assignmentIdD":"3SB4CE2TJ38IS5AFOXLGQT7ZG3PXAT","hitID":"3WJGKMRWWPMP0U42R9BTEXY82GADCQ"},{"rt":520.1099999831058,"stimulus":"<p class='stimulus' style='font-size:60px;'>murkt</p>","key_press":74,"word_validity":"invalid","word_frequency":"undefined","trial_type":"html-keyboard-response","trial_index":6,"time_elapsed":254812,"internal_node_id":"0.0-3.0-2.0-1.0","correct":true,"lot_flag":"lotFail_choice","subject":"6wfvljd","workerID":"AJRY9ALX8069Y","assignmentIdD":"3SB4CE2TJ38IS5AFOXLGQT7ZG3PXAT","hitID":"3WJGKMRWWPMP0U42R9BTEXY82GADCQ"},{"rt":4203.0699999886565,"stimulus":"<p>You have completed the practice round. You will now begin the main task. </p>\n    <p>Try to keep your fingers on the <b>F</b> and <b>J</b> keys while you view the images.<p>\n    <p>And please respond as <b>quickly</b> as you can, in fewer than 3.5 seconds.</p>\n    <p>When you are ready, rest your fingers on the <b>F</b> and <b>J</b> keys, and press the spacebar to begin to task.</p>","key_press":32,"trial_type":"html-keyboard-response","trial_index":7,"time_elapsed":259016,"internal_node_id":"0.0-3.0-12.0","lot_flag":"lotFail_choice","subject":"6wfvljd","workerID":"AJRY9ALX8069Y","assignmentIdD":"3SB4CE2TJ38IS5AFOXLGQT7ZG3PXAT","hitID":"3WJGKMRWWPMP0U42R9BTEXY82GADCQ"},{"rt":4185.399999958463,"stimulus":"<p>Press F if the text is a word, press J if the text is not a word. Respond as <strong> accurately </strong> as possible. <br> When you are ready, rest your fingers on the <b>F</b> and <b>J</b> keys, and press the spacebar to begin the experiment. </br> </p>","key_press":32,"trial_type":"html-keyboard-response","trial_index":8,"time_elapsed":263202,"internal_node_id":"0.0-3.0-13.0","lot_flag":"lotFail_choice","subject":"6wfvljd","workerID":"AJRY9ALX8069Y","assignmentIdD":"3SB4CE2TJ38IS5AFOXLGQT7ZG3PXAT","hitID":"3WJGKMRWWPMP0U42R9BTEXY82GADCQ"},{"rt":null,"stimulus":"<div style=\"font-size:60px;\">+</div>","key_press":null,"trial_type":"html-keyboard-response","trial_index":9,"time_elapsed":263503,"internal_node_id":"0.0-3.0-14.0-0.0","lot_flag":"lotFail_choice","subject":"6wfvljd","workerID":"AJRY9ALX8069Y","assignmentIdD":"3SB4CE2TJ38IS5AFOXLGQT7ZG3PXAT","hitID":"3WJGKMRWWPMP0U42R9BTEXY82GADCQ"},{"rt":609.0200000326149,"stimulus":"<p class='stimulus' style='font-size:60px;'>halpy</p>","key_press":74,"word_validity":"invalid","word_frequency":"undefined","block_type":"accuracy","trial_type":"html-keyboard-response","trial_index":10,"time_elapsed":264113,"internal_node_id":"0.0-3.0-14.0-1.0","correct":true,"trialN":1,"task":"lexical_decision","lot_flag":"lotFail_choice","subject":"6wfvljd","workerID":"AJRY9ALX8069Y","assignmentIdD":"3SB4CE2TJ38IS5AFOXLGQT7ZG3PXAT","hitID":"3WJGKMRWWPMP0U42R9BTEXY82GADCQ"},{"rt":null,"stimulus":"<div style=\"font-size:60px;\">+</div>","key_press":null,"trial_type":"html-keyboard-response","trial_index":11,"time_elapsed":264414,"internal_node_id":"0.0-3.0-14.0-0.1","lot_flag":"lotFail_choice","subject":"6wfvljd","workerID":"AJRY9ALX8069Y","assignmentIdD":"3SB4CE2TJ38IS5AFOXLGQT7ZG3PXAT","hitID":"3WJGKMRWWPMP0U42R9BTEXY82GADCQ"},{"rt":605.4749999893829,"stimulus":"<p class='stimulus' style='font-size:60px;'>hippo</p>","key_press":70,"word_validity":"valid","word_frequency":"low","block_type":"accuracy","trial_type":"html-keyboard-response","trial_index":12,"time_elapsed":265020,"internal_node_id":"0.0-3.0-14.0-1.1","correct":true,"trialN":2,"task":"lexical_decision","lot_flag":"lotFail_choice","subject":"6wfvljd","workerID":"AJRY9ALX8069Y","assignmentIdD":"3SB4CE2TJ38IS5AFOXLGQT7ZG3PXAT","hitID":"3WJGKMRWWPMP0U42R9BTEXY82GADCQ"},{"rt":null,"stimulus":"<div style=\"font-size:60px;\">+</div>","key_press":null,"trial_type":"html-keyboard-response","trial_index":13,"time_elapsed":265321,"internal_node_id":"0.0-3.0-14.0-0.2","lot_flag":"lotFail_choice","subject":"6wfvljd","workerID":"AJRY9ALX8069Y","assignmentIdD":"3SB4CE2TJ38IS5AFOXLGQT7ZG3PXAT","hitID":"3WJGKMRWWPMP0U42R9BTEXY82GADCQ"},{"rt":771.0749999969266,"stimulus":"<p class='stimulus' style='font-size:60px;'>hitpo</p>","key_press":74,"word_validity":"invalid","word_frequency":"undefined","block_type":"accuracy","trial_type":"html-keyboard-response","trial_index":14,"time_elapsed":266093,"internal_node_id":"0.0-3.0-14.0-1.2","correct":true,"trialN":3,"task":"lexical_decision","lot_flag":"lotFail_choice","subject":"6wfvljd","workerID":"AJRY9ALX8069Y","assignmentIdD":"3SB4CE2TJ38IS5AFOXLGQT7ZG3PXAT","hitID":"3WJGKMRWWPMP0U42R9BTEXY82GADCQ"},{"rt":null,"stimulus":"<div style=\"font-size:60px;\">+</div>","key_press":null,"trial_type":"html-keyboard-response","trial_index":15,"time_elapsed":266395,"internal_node_id":"0.0-3.0-14.0-0.3","lot_flag":"lotFail_choice","subject":"6wfvljd","workerID":"AJRY9ALX8069Y","assignmentIdD":"3SB4CE2TJ38IS5AFOXLGQT7ZG3PXAT","hitID":"3WJGKMRWWPMP0U42R9BTEXY82GADCQ"},{"rt":901.2100000400096,"stimulus":"<p class='stimulus' style='font-size:60px;'>happy</p>","key_press":70,"word_validity":"valid","word_frequency":"high","block_type":"accuracy","trial_type":"html-keyboard-response","trial_index":16,"time_elapsed":267296,"internal_node_id":"0.0-3.0-14.0-1.3","correct":true,"trialN":4,"task":"lexical_decision","lot_flag":"lotFail_choice","subject":"6wfvljd","workerID":"AJRY9ALX8069Y","assignmentIdD":"3SB4CE2TJ38IS5AFOXLGQT7ZG3PXAT","hitID":"3WJGKMRWWPMP0U42R9BTEXY82GADCQ"},{"rt":4427.520000026561,"stimulus":"<p>Press F if the text is a word, press J if the text is not a word. Respond as <strong> quickly </strong> as possible. <br> When you are ready, rest your fingers on the <b>F</b> and <b>J</b> keys, and press the spacebar to begin the experiment. </br> </p>","key_press":32,"trial_type":"html-keyboard-response","trial_index":17,"time_elapsed":271724,"internal_node_id":"0.0-3.0-15.0","lot_flag":"lotFail_choice","subject":"6wfvljd","workerID":"AJRY9ALX8069Y","assignmentIdD":"3SB4CE2TJ38IS5AFOXLGQT7ZG3PXAT","hitID":"3WJGKMRWWPMP0U42R9BTEXY82GADCQ"},{"rt":null,"stimulus":"<div style=\"font-size:60px;\">+</div>","key_press":null,"trial_type":"html-keyboard-response","trial_index":18,"time_elapsed":272025,"internal_node_id":"0.0-3.0-16.0-0.0","lot_flag":"lotFail_choice","subject":"6wfvljd","workerID":"AJRY9ALX8069Y","assignmentIdD":"3SB4CE2TJ38IS5AFOXLGQT7ZG3PXAT","hitID":"3WJGKMRWWPMP0U42R9BTEXY82GADCQ"},{"rt":604.4300000066869,"stimulus":"<p class='stimulus' style='font-size:60px;'>candy</p>","key_press":70,"word_validity":"valid","word_frequency":"high","block_type":"speed","trial_type":"html-keyboard-response","trial_index":19,"time_elapsed":272630,"internal_node_id":"0.0-3.0-16.0-1.0","correct":true,"trialN":5,"task":"lexical_decision","lot_flag":"lotFail_choice","subject":"6wfvljd","workerID":"AJRY9ALX8069Y","assignmentIdD":"3SB4CE2TJ38IS5AFOXLGQT7ZG3PXAT","hitID":"3WJGKMRWWPMP0U42R9BTEXY82GADCQ"},{"rt":null,"stimulus":"<div style=\"font-size:60px;\">+</div>","key_press":null,"trial_type":"html-keyboard-response","trial_index":20,"time_elapsed":272932,"internal_node_id":"0.0-3.0-16.0-0.1","lot_flag":"lotFail_choice","subject":"6wfvljd","workerID":"AJRY9ALX8069Y","assignmentIdD":"3SB4CE2TJ38IS5AFOXLGQT7ZG3PXAT","hitID":"3WJGKMRWWPMP0U42R9BTEXY82GADCQ"},{"rt":536.3200000138022,"stimulus":"<p class='stimulus' style='font-size:60px;'>caxdy</p>","key_press":74,"word_validity":"invalid","word_frequency":"undefined","block_type":"speed","trial_type":"html-keyboard-response","trial_index":21,"time_elapsed":273469,"internal_node_id":"0.0-3.0-16.0-1.1","correct":true,"trialN":6,"task":"lexical_decision","lot_flag":"lotFail_choice","subject":"6wfvljd","workerID":"AJRY9ALX8069Y","assignmentIdD":"3SB4CE2TJ38IS5AFOXLGQT7ZG3PXAT","hitID":"3WJGKMRWWPMP0U42R9BTEXY82GADCQ"},{"rt":null,"stimulus":"<div style=\"font-size:60px;\">+</div>","key_press":null,"trial_type":"html-keyboard-response","trial_index":22,"time_elapsed":273770,"internal_node_id":"0.0-3.0-16.0-0.2","lot_flag":"lotFail_choice","subject":"6wfvljd","workerID":"AJRY9ALX8069Y","assignmentIdD":"3SB4CE2TJ38IS5AFOXLGQT7ZG3PXAT","hitID":"3WJGKMRWWPMP0U42R9BTEXY82GADCQ"},{"rt":449.6849999995902,"stimulus":"<p class='stimulus' style='font-size:60px;'>perkn</p>","key_press":74,"word_validity":"invalid","word_frequency":"undefined","block_type":"speed","trial_type":"html-keyboard-response","trial_index":23,"time_elapsed":274220,"internal_node_id":"0.0-3.0-16.0-1.2","correct":true,"trialN":7,"task":"lexical_decision","lot_flag":"lotFail_choice","subject":"6wfvljd","workerID":"AJRY9ALX8069Y","assignmentIdD":"3SB4CE2TJ38IS5AFOXLGQT7ZG3PXAT","hitID":"3WJGKMRWWPMP0U42R9BTEXY82GADCQ"},{"rt":null,"stimulus":"<div style=\"font-size:60px;\">+</div>","key_press":null,"trial_type":"html-keyboard-response","trial_index":24,"time_elapsed":274522,"internal_node_id":"0.0-3.0-16.0-0.3","lot_flag":"lotFail_choice","subject":"6wfvljd","workerID":"AJRY9ALX8069Y","assignmentIdD":"3SB4CE2TJ38IS5AFOXLGQT7ZG3PXAT","hitID":"3WJGKMRWWPMP0U42R9BTEXY82GADCQ"},{"rt":490.2250000159256,"stimulus":"<p class='stimulus' style='font-size:60px;'>perky</p>","key_press":74,"word_validity":"valid","word_frequency":"low","block_type":"speed","trial_type":"html-keyboard-response","trial_index":25,"time_elapsed":275012,"internal_node_id":"0.0-3.0-16.0-1.3","correct":false,"trialN":8,"task":"lexical_decision","lot_flag":"lotFail_choice","subject":"6wfvljd","workerID":"AJRY9ALX8069Y","assignmentIdD":"3SB4CE2TJ38IS5AFOXLGQT7ZG3PXAT","hitID":"3WJGKMRWWPMP0U42R9BTEXY82GADCQ"},{"rt":636.060000048019,"stimulus":"<p>You have completed the task. Press any key to continue.</p>","key_press":32,"trial_type":"html-keyboard-response","trial_index":26,"time_elapsed":275649,"internal_node_id":"0.0-3.0-17.0","lot_flag":"lotFail_choice","subject":"6wfvljd","workerID":"AJRY9ALX8069Y","assignmentIdD":"3SB4CE2TJ38IS5AFOXLGQT7ZG3PXAT","hitID":"3WJGKMRWWPMP0U42R9BTEXY82GADCQ"},{"rt":4029.4599999906495,"stimulus":"<p>In this task, you will make decisions between pairs of gambles over 8 rounds. Each  gamble will be represented as a pie graph. For each gamble, the printed numbers represent a <b>real dollar amount</b> that you can potentially win, while the portion of the pie that is filled in represents the probabiltiy of winning that outcome.</p><p>Press the spacebar to continue.</p>","key_press":32,"trial_type":"html-keyboard-response","trial_index":27,"time_elapsed":279678,"internal_node_id":"0.0-4.0-0.0-0.0","lot_flag":"lotFail_choice","subject":"6wfvljd","workerID":"AJRY9ALX8069Y","assignmentIdD":"3SB4CE2TJ38IS5AFOXLGQT7ZG3PXAT","hitID":"3WJGKMRWWPMP0U42R9BTEXY82GADCQ"},{"rt":2733.5999999777414,"stimulus":"<p>Four of these eight gambles have a chance of paying out a bonus at the end of the study. You will be told which four gambles are real and have a chance of paying out this bonus, and which are hypothetical.</p><p>One out of every 50 workers will be randomly chosen to be paid this bonus. If you are chosen, one of the real gambles will be chosen at random and played out at the end of the study. Your bonus will be determined based on that gamble's outcome. You will gain the full dollar amount of the chosen gamble's outcome.</p><p>Press the spacebar to continue.</p>","key_press":32,"trial_type":"html-keyboard-response","trial_index":28,"time_elapsed":282412,"internal_node_id":"0.0-4.0-0.0-1.0","lot_flag":"lotFail_choice","subject":"6wfvljd","workerID":"AJRY9ALX8069Y","assignmentIdD":"3SB4CE2TJ38IS5AFOXLGQT7ZG3PXAT","hitID":"3WJGKMRWWPMP0U42R9BTEXY82GADCQ"},{"rt":1346.1799999931827,"stimulus":"<p>In some rounds, one of the options will be a completely filled-in pie graph with one number displayed in the center of the pie. The outcome of such gambles is the printed amount with 100% probability.</p><p>Press the spacebar to continue.</p>","key_press":32,"trial_type":"html-keyboard-response","trial_index":29,"time_elapsed":283759,"internal_node_id":"0.0-4.0-0.0-2.0","lot_flag":"lotFail_choice","subject":"6wfvljd","workerID":"AJRY9ALX8069Y","assignmentIdD":"3SB4CE2TJ38IS5AFOXLGQT7ZG3PXAT","hitID":"3WJGKMRWWPMP0U42R9BTEXY82GADCQ"},{"rt":3001.5450000064448,"stimulus":"<p>You will now see an example round. First, a cross will be displayed in the center of the screen. Next, two gambles will be shown on the screen, and you will select which gamble you would prefer to play.</p><p>Use the <b>F</b> key to choose the gamble on the left and the <b>J</b> key to choose the gamble on the right.</p><p>Remember, the potential outcomes of each gamble are printed in text, and the probability of each outcome is represented by the portion of the pie that is filled in.</p><p>Press the spacebar to continue.</p>","key_press":32,"trial_type":"html-keyboard-response","trial_index":30,"time_elapsed":286761,"internal_node_id":"0.0-4.0-0.0-3.0","lot_flag":"lotFail_choice","subject":"6wfvljd","workerID":"AJRY9ALX8069Y","assignmentIdD":"3SB4CE2TJ38IS5AFOXLGQT7ZG3PXAT","hitID":"3WJGKMRWWPMP0U42R9BTEXY82GADCQ"},{"rt":2203.2799999578856,"stimulus":"<p>In this example, both gambles have a 30% chance for the larger reward and a 70% chance for the smaller reward.</p><p>In this round, you are free to choose either the left (<b>F</b>) or right (<b>J</b>) option.</p><p>Note that in the actual rounds, you will <b>NOT</b> be told the probability of each outcome outcome. You must use the relative sizes of the filled in areas of the pie to make your choice.</p><p>Rest your fingers on the F and J keys, and press the spacebar to begin the example round.</p>","key_press":32,"trial_type":"html-keyboard-response","trial_index":31,"time_elapsed":288964,"internal_node_id":"0.0-4.0-0.0-4.0-0.0","lot_flag":"lotFail_choice","subject":"6wfvljd","workerID":"AJRY9ALX8069Y","assignmentIdD":"3SB4CE2TJ38IS5AFOXLGQT7ZG3PXAT","hitID":"3WJGKMRWWPMP0U42R9BTEXY82GADCQ"},{"rt":null,"stimulus":"<div style=\"font-size:60px;\">+</div>","key_press":null,"trial_type":"html-keyboard-response","trial_index":32,"time_elapsed":289265,"internal_node_id":"0.0-4.0-0.0-4.0-1.0","lot_flag":"lotFail_choice","subject":"6wfvljd","workerID":"AJRY9ALX8069Y","assignmentIdD":"3SB4CE2TJ38IS5AFOXLGQT7ZG3PXAT","hitID":"3WJGKMRWWPMP0U42R9BTEXY82GADCQ"},{"stimulus":["img/HighA30percent.jpg","img/HighB30percent.jpg"],"rt":2864.6050000097603,"key_press":74,"choices":["F","J"],"trial_type":"econ-choice","trial_index":33,"time_elapsed":292632,"internal_node_id":"0.0-4.0-0.0-4.0-2.0","lot_flag":"lotFail_choice","subject":"6wfvljd","workerID":"AJRY9ALX8069Y","assignmentIdD":"3SB4CE2TJ38IS5AFOXLGQT7ZG3PXAT","hitID":"3WJGKMRWWPMP0U42R9BTEXY82GADCQ"},{"rt":1649.9000000185333,"stimulus":"<p>You will now complete a practice round to ensure that you understand how the gambles work. In this round, we want you to choose the gamble that has a chance to win the largest possible outcome on the screen. Be sure to take in the information about each gamble, but try to respond within 5.5 seconds. We will let you know if your response was too fast or too slow.</p>Rest your fingers on the F and J keys, and press the spacebar to begin.</p>","key_press":32,"trial_type":"html-keyboard-response","trial_index":34,"time_elapsed":294282,"internal_node_id":"0.0-4.0-0.0-5.0","lot_flag":"lotFail_choice","subject":"6wfvljd","workerID":"AJRY9ALX8069Y","assignmentIdD":"3SB4CE2TJ38IS5AFOXLGQT7ZG3PXAT","hitID":"3WJGKMRWWPMP0U42R9BTEXY82GADCQ"},{"rt":null,"stimulus":"<div style=\"font-size:60px;\">+</div>","key_press":null,"trial_type":"html-keyboard-response","trial_index":35,"time_elapsed":294583,"internal_node_id":"0.0-4.0-0.0-6.0","lot_flag":"lotFail_choice","subject":"6wfvljd","workerID":"AJRY9ALX8069Y","assignmentIdD":"3SB4CE2TJ38IS5AFOXLGQT7ZG3PXAT","hitID":"3WJGKMRWWPMP0U42R9BTEXY82GADCQ"},{"stimulus":["img/LowB20percent.jpg","img/LowA20percent.jpg"],"rt":1827.7450000168756,"key_press":74,"choices":["F","J"],"trial_type":"econ-choice","trial_index":36,"time_elapsed":296913,"internal_node_id":"0.0-4.0-0.0-7.0","choice":"safe","lot_flag":"lotFail_choice","subject":"6wfvljd","workerID":"AJRY9ALX8069Y","assignmentIdD":"3SB4CE2TJ38IS5AFOXLGQT7ZG3PXAT","hitID":"3WJGKMRWWPMP0U42R9BTEXY82GADCQ"},{"rt":948.7100000260398,"stimulus":"<p>Whoops! Let's try that again. Remember, we want you to choose the choose the gamble that could reward the largest possible outcome on the screen</p><p>When you are ready, rest your fingers on the <b>F</b> and <b>J</b> keys, and press the spacebar to begin the practice round.</p>","key_press":32,"trial_type":"html-keyboard-response","trial_index":37,"time_elapsed":297862,"internal_node_id":"0.0-4.0-0.0-10.0-0.0","lot_flag":"lotFail_choice","subject":"6wfvljd","workerID":"AJRY9ALX8069Y","assignmentIdD":"3SB4CE2TJ38IS5AFOXLGQT7ZG3PXAT","hitID":"3WJGKMRWWPMP0U42R9BTEXY82GADCQ"},{"rt":null,"stimulus":"<div style=\"font-size:60px;\">+</div>","key_press":null,"trial_type":"html-keyboard-response","trial_index":38,"time_elapsed":298164,"internal_node_id":"0.0-4.0-0.0-10.0-1.0","lot_flag":"lotFail_choice","subject":"6wfvljd","workerID":"AJRY9ALX8069Y","assignmentIdD":"3SB4CE2TJ38IS5AFOXLGQT7ZG3PXAT","hitID":"3WJGKMRWWPMP0U42R9BTEXY82GADCQ"},{"stimulus":["img/HighB20percent.jpg","img/HighA20percent.jpg"],"rt":2145.5950000090525,"key_press":74,"choices":["F","J"],"trial_type":"econ-choice","trial_index":39,"time_elapsed":300810,"internal_node_id":"0.0-4.0-0.0-10.0-2.0","choice":"safe","lot_flag":"lotFail_choice","subject":"6wfvljd","workerID":"AJRY9ALX8069Y","assignmentIdD":"3SB4CE2TJ38IS5AFOXLGQT7ZG3PXAT","hitID":"3WJGKMRWWPMP0U42R9BTEXY82GADCQ"},{"rt":727.1949999849312,"stimulus":"<p>Whoops! Let's try that again. Remember, we want you to choose the choose the gamble that could reward the largest possible outcome on the screen</p><p>When you are ready, rest your fingers on the <b>F</b> and <b>J</b> keys, and press the spacebar to begin the practice round.</p>","key_press":32,"trial_type":"html-keyboard-response","trial_index":40,"time_elapsed":301538,"internal_node_id":"0.0-4.0-0.0-13.0-0.0","lot_flag":"lotFail_choice","subject":"6wfvljd","workerID":"AJRY9ALX8069Y","assignmentIdD":"3SB4CE2TJ38IS5AFOXLGQT7ZG3PXAT","hitID":"3WJGKMRWWPMP0U42R9BTEXY82GADCQ"},{"rt":null,"stimulus":"<div style=\"font-size:60px;\">+</div>","key_press":null,"trial_type":"html-keyboard-response","trial_index":41,"time_elapsed":301839,"internal_node_id":"0.0-4.0-0.0-13.0-1.0","lot_flag":"lotFail_choice","subject":"6wfvljd","workerID":"AJRY9ALX8069Y","assignmentIdD":"3SB4CE2TJ38IS5AFOXLGQT7ZG3PXAT","hitID":"3WJGKMRWWPMP0U42R9BTEXY82GADCQ"},{"stimulus":["img/LowA30percent.jpg","img/LowB30percent.jpg"],"rt":1416.559999983292,"key_press":70,"choices":["F","J"],"trial_type":"econ-choice","trial_index":42,"time_elapsed":303758,"internal_node_id":"0.0-4.0-0.0-13.0-2.0","choice":"safe","lot_flag":"lotFail_choice","subject":"6wfvljd","workerID":"AJRY9ALX8069Y","assignmentIdD":"3SB4CE2TJ38IS5AFOXLGQT7ZG3PXAT","hitID":"3WJGKMRWWPMP0U42R9BTEXY82GADCQ"},{"rt":491.184999991674,"stimulus":"<p>You failed to choose the correct gamble. Remember, the chance that an outcome will occur corresponds to the amount of the pie that is filled in.</p><p>Press the space bar to continue.</p>","key_press":32,"trial_type":"html-keyboard-response","trial_index":43,"time_elapsed":304250,"internal_node_id":"0.0-4.0-0.0-16.0-0.0","lot_flag":"lotFail_choice","subject":"6wfvljd","workerID":"AJRY9ALX8069Y","assignmentIdD":"3SB4CE2TJ38IS5AFOXLGQT7ZG3PXAT","hitID":"3WJGKMRWWPMP0U42R9BTEXY82GADCQ"},{"rt":861.8449999485165,"stimulus":"<p>You have completed the practice section. You will now begin the main task. </p>\n            <p>Remember to keep your fingers on the <b>F</b> and <b>J</b> keys before you begin each round.<p>\n            <p>Press the space bar to begin the task.</p>","key_press":32,"trial_type":"html-keyboard-response","trial_index":44,"time_elapsed":305112,"internal_node_id":"0.0-4.0-0.0-17.0","lot_flag":"lotFail_choice","subject":"6wfvljd","workerID":"AJRY9ALX8069Y","assignmentIdD":"3SB4CE2TJ38IS5AFOXLGQT7ZG3PXAT","hitID":"3WJGKMRWWPMP0U42R9BTEXY82GADCQ"},{"rt":744.6149999741465,"stimulus":"<p>The following round will use <strong>REAL</strong> gambles, which means that the gamble you choose could be used at the end of the study to pay a bonus.</p><p>Rest your fingers on the F and J keys, and press the spacebar to continue.</p>","key_press":32,"trial_type":"html-keyboard-response","trial_index":45,"time_elapsed":305857,"internal_node_id":"0.0-4.0-1.0","lot_flag":"lotFail_choice","subject":"6wfvljd","workerID":"AJRY9ALX8069Y","assignmentIdD":"3SB4CE2TJ38IS5AFOXLGQT7ZG3PXAT","hitID":"3WJGKMRWWPMP0U42R9BTEXY82GADCQ"},{"rt":null,"stimulus":"<div style=\"font-size:60px;\">+</div>","key_press":null,"trial_type":"html-keyboard-response","trial_index":46,"time_elapsed":306160,"internal_node_id":"0.0-4.0-2.0-0.0","lot_flag":"lotFail_choice","subject":"6wfvljd","workerID":"AJRY9ALX8069Y","assignmentIdD":"3SB4CE2TJ38IS5AFOXLGQT7ZG3PXAT","hitID":"3WJGKMRWWPMP0U42R9BTEXY82GADCQ"},{"stimulus":["img/1.60highGam.jpg","img/1.60highSure.jpg"],"rt":1064.8700000019744,"key_press":74,"choices":["F","J"],"trial_type":"econ-choice","trial_index":47,"time_elapsed":307726,"internal_node_id":"0.0-4.0-2.0-1.0","lot_flag":"lotFail_choice","task":"gamble","cond":"high","twoLott":false,"leftOut1":32,"leftOut2":0,"rightOut1":9.51,"rightOut2":null,"leftPerc1":0.5,"leftPerc2":0.5,"rightPerc1":1,"rightPerc2":null,"leftLab":"gamble","rightLab":"sure","isReal":true,"trialN":9,"choice":"safe","subject":"6wfvljd","workerID":"AJRY9ALX8069Y","assignmentIdD":"3SB4CE2TJ38IS5AFOXLGQT7ZG3PXAT","hitID":"3WJGKMRWWPMP0U42R9BTEXY82GADCQ"},{"rt":null,"stimulus":"<div style=\"font-size:60px;\">+</div>","key_press":null,"trial_type":"html-keyboard-response","trial_index":48,"time_elapsed":308027,"internal_node_id":"0.0-4.0-2.0-0.1","lot_flag":"lotFail_choice","subject":"6wfvljd","workerID":"AJRY9ALX8069Y","assignmentIdD":"3SB4CE2TJ38IS5AFOXLGQT7ZG3PXAT","hitID":"3WJGKMRWWPMP0U42R9BTEXY82GADCQ"},{"stimulus":["img/HighB60percent.jpg","img/HighA60percent.jpg"],"rt":883.5749999852851,"key_press":74,"choices":["F","J"],"trial_type":"econ-choice","trial_index":49,"time_elapsed":309412,"internal_node_id":"0.0-4.0-2.0-1.1","lot_flag":"lotFail_choice","task":"gamble","cond":"high","twoLott":true,"leftOut1":77,"leftOut2":2,"rightOut1":40,"rightOut2":32,"leftPerc1":0.6,"leftPerc2":0.4,"rightPerc1":0.6,"rightPerc2":0.4,"leftLab":"B","rightLab":"A","isReal":true,"trialN":10,"choice":"safe","subject":"6wfvljd","workerID":"AJRY9ALX8069Y","assignmentIdD":"3SB4CE2TJ38IS5AFOXLGQT7ZG3PXAT","hitID":"3WJGKMRWWPMP0U42R9BTEXY82GADCQ"},{"rt":null,"stimulus":"<div style=\"font-size:60px;\">+</div>","key_press":null,"trial_type":"html-keyboard-response","trial_index":50,"time_elapsed":309714,"internal_node_id":"0.0-4.0-2.0-0.2","lot_flag":"lotFail_choice","subject":"6wfvljd","workerID":"AJRY9ALX8069Y","assignmentIdD":"3SB4CE2TJ38IS5AFOXLGQT7ZG3PXAT","hitID":"3WJGKMRWWPMP0U42R9BTEXY82GADCQ"},{"stimulus":["img/LowA60percent.jpg","img/LowB60percent.jpg"],"rt":1761.7450000252575,"key_press":74,"choices":["F","J"],"trial_type":"econ-choice","trial_index":51,"time_elapsed":311978,"internal_node_id":"0.0-4.0-2.0-1.2","lot_flag":"lotFail_choice","task":"gamble","cond":"low","twoLott":true,"leftOut1":2,"leftOut2":1.6,"rightOut1":3.85,"rightOut2":0.1,"leftPerc1":0.6,"leftPerc2":0.4,"rightPerc1":0.6,"rightPerc2":0.4,"leftLab":"A","rightLab":"B","isReal":true,"trialN":11,"choice":"risky","subject":"6wfvljd","workerID":"AJRY9ALX8069Y","assignmentIdD":"3SB4CE2TJ38IS5AFOXLGQT7ZG3PXAT","hitID":"3WJGKMRWWPMP0U42R9BTEXY82GADCQ"},{"rt":null,"stimulus":"<div style=\"font-size:60px;\">+</div>","key_press":null,"trial_type":"html-keyboard-response","trial_index":52,"time_elapsed":312279,"internal_node_id":"0.0-4.0-2.0-0.3","lot_flag":"lotFail_choice","subject":"6wfvljd","workerID":"AJRY9ALX8069Y","assignmentIdD":"3SB4CE2TJ38IS5AFOXLGQT7ZG3PXAT","hitID":"3WJGKMRWWPMP0U42R9BTEXY82GADCQ"},{"stimulus":["img/1.60lowSure.jpg","img/1.60lowGam.jpg"],"rt":922.2699999809265,"key_press":70,"choices":["F","J"],"trial_type":"econ-choice","trial_index":53,"time_elapsed":313703,"internal_node_id":"0.0-4.0-2.0-1.3","lot_flag":"lotFail_choice","task":"gamble","cond":"low","twoLott":false,"leftOut1":0.75,"leftOut2":null,"rightOut1":1.6,"rightOut2":0,"leftPerc1":1,"leftPerc2":null,"rightPerc1":0.5,"rightPerc2":0.5,"leftLab":"sure","rightLab":"gamble","isReal":true,"trialN":12,"choice":"safe","subject":"6wfvljd","workerID":"AJRY9ALX8069Y","assignmentIdD":"3SB4CE2TJ38IS5AFOXLGQT7ZG3PXAT","hitID":"3WJGKMRWWPMP0U42R9BTEXY82GADCQ"},{"rt":4884.179999993648,"stimulus":"<p>The following round will use <strong>HYPOTHETICAL</strong> gambles, which means that the gamble you choose will <strong>NOT</strong> be used at the end of the study to pay a bonus.</p><p>Rest your fingers on the F and J keys, and press the spacebar to continue.</p>","key_press":32,"trial_type":"html-keyboard-response","trial_index":54,"time_elapsed":318588,"internal_node_id":"0.0-4.0-3.0","lot_flag":"lotFail_choice","subject":"6wfvljd","workerID":"AJRY9ALX8069Y","assignmentIdD":"3SB4CE2TJ38IS5AFOXLGQT7ZG3PXAT","hitID":"3WJGKMRWWPMP0U42R9BTEXY82GADCQ"},{"rt":null,"stimulus":"<div style=\"font-size:60px;\">+</div>","key_press":null,"trial_type":"html-keyboard-response","trial_index":55,"time_elapsed":318889,"internal_node_id":"0.0-4.0-4.0-0.0","lot_flag":"lotFail_choice","subject":"6wfvljd","workerID":"AJRY9ALX8069Y","assignmentIdD":"3SB4CE2TJ38IS5AFOXLGQT7ZG3PXAT","hitID":"3WJGKMRWWPMP0U42R9BTEXY82GADCQ"},{"stimulus":["img/HighB70percent.jpg","img/HighA70percent.jpg"],"rt":853.8199999602512,"key_press":74,"choices":["F","J"],"trial_type":"econ-choice","trial_index":56,"time_elapsed":320245,"internal_node_id":"0.0-4.0-4.0-1.0","lot_flag":"lotFail_choice","task":"gamble","cond":"high","twoLott":true,"isReal":false,"leftOut1":77,"leftOut2":2,"rightOut1":40,"rightOut2":32,"leftPerc1":0.7,"leftPerc2":0.30000000000000004,"rightPerc1":0.7,"rightPerc2":0.30000000000000004,"leftLab":"B","rightLab":"A","trialN":13,"choice":"safe","subject":"6wfvljd","workerID":"AJRY9ALX8069Y","assignmentIdD":"3SB4CE2TJ38IS5AFOXLGQT7ZG3PXAT","hitID":"3WJGKMRWWPMP0U42R9BTEXY82GADCQ"},{"rt":null,"stimulus":"<div style=\"font-size:60px;\">+</div>","key_press":null,"trial_type":"html-keyboard-response","trial_index":57,"time_elapsed":320546,"internal_node_id":"0.0-4.0-4.0-0.1","lot_flag":"lotFail_choice","subject":"6wfvljd","workerID":"AJRY9ALX8069Y","assignmentIdD":"3SB4CE2TJ38IS5AFOXLGQT7ZG3PXAT","hitID":"3WJGKMRWWPMP0U42R9BTEXY82GADCQ"},{"stimulus":["img/2.00highGam.jpg","img/2.00highSure.jpg"],"rt":747.47500004014,"key_press":74,"choices":["F","J"],"trial_type":"econ-choice","trial_index":58,"time_elapsed":321794,"internal_node_id":"0.0-4.0-4.0-1.1","lot_flag":"lotFail_choice","task":"gamble","cond":"high","twoLott":false,"isReal":false,"leftOut1":40,"leftOut2":0,"rightOut1":11.5,"rightOut2":null,"leftPerc1":0.5,"leftPerc2":0.5,"rightPerc1":1,"rightPerc2":null,"leftLab":"gamble","rightLab":"sure","trialN":14,"choice":"safe","subject":"6wfvljd","workerID":"AJRY9ALX8069Y","assignmentIdD":"3SB4CE2TJ38IS5AFOXLGQT7ZG3PXAT","hitID":"3WJGKMRWWPMP0U42R9BTEXY82GADCQ"},{"rt":null,"stimulus":"<div style=\"font-size:60px;\">+</div>","key_press":null,"trial_type":"html-keyboard-response","trial_index":59,"time_elapsed":322095,"internal_node_id":"0.0-4.0-4.0-0.2","lot_flag":"lotFail_choice","subject":"6wfvljd","workerID":"AJRY9ALX8069Y","assignmentIdD":"3SB4CE2TJ38IS5AFOXLGQT7ZG3PXAT","hitID":"3WJGKMRWWPMP0U42R9BTEXY82GADCQ"},{"stimulus":["img/2.00lowGam.jpg","img/2.00lowSure.jpg"],"rt":995.6249999813735,"key_press":74,"choices":["F","J"],"trial_type":"econ-choice","trial_index":60,"time_elapsed":323593,"internal_node_id":"0.0-4.0-4.0-1.2","lot_flag":"lotFail_choice","task":"gamble","cond":"low","twoLott":false,"isReal":false,"leftOut1":2,"leftOut2":0,"rightOut1":0.9,"rightOut2":null,"leftPerc1":0.5,"leftPerc2":0.5,"rightPerc2":null,"leftLab":"gamble","rightLab":"sure","trialN":15,"choice":"safe","subject":"6wfvljd","workerID":"AJRY9ALX8069Y","assignmentIdD":"3SB4CE2TJ38IS5AFOXLGQT7ZG3PXAT","hitID":"3WJGKMRWWPMP0U42R9BTEXY82GADCQ"},{"rt":null,"stimulus":"<div style=\"font-size:60px;\">+</div>","key_press":null,"trial_type":"html-keyboard-response","trial_index":61,"time_elapsed":323893,"internal_node_id":"0.0-4.0-4.0-0.3","lot_flag":"lotFail_choice","subject":"6wfvljd","workerID":"AJRY9ALX8069Y","assignmentIdD":"3SB4CE2TJ38IS5AFOXLGQT7ZG3PXAT","hitID":"3WJGKMRWWPMP0U42R9BTEXY82GADCQ"},{"stimulus":["img/LowB70percent.jpg","img/LowA70percent.jpg"],"rt":942.4599999911152,"key_press":70,"choices":["F","J"],"trial_type":"econ-choice","trial_index":62,"time_elapsed":325337,"internal_node_id":"0.0-4.0-4.0-1.3","lot_flag":"lotFail_choice","task":"gamble","cond":"low","twoLott":true,"isReal":false,"leftOut1":3.85,"leftOut2":0.1,"rightOut1":2,"rightOut2":1.6,"leftPerc1":0.7,"leftPerc2":0.30000000000000004,"rightPerc1":0.7,"rightPerc2":0.30000000000000004,"leftLab":"B","rightLab":"A","trialN":16,"choice":"risky","subject":"6wfvljd","workerID":"AJRY9ALX8069Y","assignmentIdD":"3SB4CE2TJ38IS5AFOXLGQT7ZG3PXAT","hitID":"3WJGKMRWWPMP0U42R9BTEXY82GADCQ"},{"rt":848.6549999797717,"stimulus":"<p>You have completed this task. Press the spacebar to proceed to the next task.</p>","key_press":32,"trial_type":"html-keyboard-response","trial_index":63,"time_elapsed":326185,"internal_node_id":"0.0-4.0-5.0","lot_flag":"lotFail_choice","subject":"6wfvljd","workerID":"AJRY9ALX8069Y","assignmentIdD":"3SB4CE2TJ38IS5AFOXLGQT7ZG3PXAT","hitID":"3WJGKMRWWPMP0U42R9BTEXY82GADCQ"},{"rt":2756.4799999818206,"stimulus":"<p>You have completed all the tasks. Unfortunately, you were not selected to be given a bonus. Press the spacebar to continue.</p>","key_press":32,"trial_type":"html-keyboard-response","trial_index":64,"time_elapsed":328942,"internal_node_id":"0.0-5.0","lot_flag":"lotFail_choice","subject":"6wfvljd","workerID":"AJRY9ALX8069Y","assignmentIdD":"3SB4CE2TJ38IS5AFOXLGQT7ZG3PXAT","hitID":"3WJGKMRWWPMP0U42R9BTEXY82GADCQ"}]